Time (s),u: X (4),u: Y (4),u: Z (4),,Time (s),u: X (5),u: Y (5),u: Z (5),,Time (s),o: X (81),o: Y (81),o: Z (81),,Time (s),l: X (82),l: Y (82),l: Z (82),,Time (s),u: X (3),u: Y (3),u: Z (3),,
725563.3065,-0.001,0.001,-0,,725563.3065,12.805,-28.87,-38.123,,725563.50566,204.329,3.645,2.095,,725563.3065,0,0,-0,,725563.02782,0.391,-0.657,10.192,,
725563.50566,-0,0,0,,725563.50566,12.805,-28.967,-39.001,,725563.70482,204.32,3.637,2.094,,725563.50566,-0.002,-0.001,-0.002,,725563.06752,0.376,-0.643,10.193,,
725563.70482,0,0,0,,725563.70482,13,-29.26,-39.636,,725563.90395,204.329,3.634,2.093,,725563.70482,-0,0.001,0,,725563.10732,0.363,-0.642,10.189,,
725563.90395,-0,-0,0,,725563.90395,12.805,-29.163,-39.258,,725564.10307,204.307,3.626,2.091,,725563.90395,-0.001,0.003,0.001,,725563.14714,0.372,-0.649,10.19,,
725564.10307,0,-0,0,,725564.10307,12.903,-29.065,-39.136,,725564.30223,204.317,3.625,2.094,,725564.06325,-0.001,0.002,0.002,,725563.18697,0.378,-0.645,10.185,,
725564.30223,0,-0,0,,725564.30223,13.293,-29.358,-39.258,,725564.46156,204.366,3.634,2.089,,725564.30223,0,-0,0.003,,725563.22682,0.377,-0.657,10.19,,
725564.50141,-0,0,-0,,725564.50141,13,-28.87,-39.636,,725564.70054,204.394,3.631,2.078,,725564.46156,-0.001,-0.002,-0,,725563.26668,0.368,-0.656,10.196,,
725564.70054,-0,0.002,0,,725564.70054,12.805,-29.26,-39.136,,,,,,,725564.70054,0.006,0.001,0.01,,725563.3065,0.363,-0.65,10.181,,
